<?xml version="1.0" encoding="UTF-8"?>
<beans xmlns="http://www.springframework.org/schema/beans"
	xmlns:xsi="http://www.w3.org/2001/XMLSchema-instance"
	xsi:schemaLocation="http://www.springframework.org/schema/beans http://www.springframework.org/schema/beans/spring-beans.xsd">
	<!-- datasource connection pool -->
	<bean id="hikariConfig" class="com.zaxxer.hikari.HikariConfig">
		<property name="driverClassName" value="net.sf.log4jdbc.sql.jdbcapi.DriverSpy" />
		<property name="jdbcUrl" value="jdbc:log4jdbc:oracle:thin:@127.0.0.1:1521:xe" />
		<property name="username" value="hr" />
		<property name="password" value="hr" />
		<property name="maximumPoolSize" value="3"></property>
		<property name="idleTimeout" value="1000"></property>
	</bean>
		<bean id="dataSource" class="com.zaxxer.hikari.HikariDataSource" destroy-method="close">
		<constructor-arg ref="hikariConfig" />
	</bean>

</beans>
