<?xml version="1.0" encoding="UTF-8"?>
<beans:beans xmlns="http://www.springframework.org/schema/mvc"
	xmlns:xsi="http://www.w3.org/2001/XMLSchema-instance"
	xmlns:beans="http://www.springframework.org/schema/beans"
	xmlns:context="http://www.springframework.org/schema/context"
	xmlns:p="http://www.springframework.org/schema/p"
	xsi:schemaLocation="http://www.springframework.org/schema/mvc https://www.springframework.org/schema/mvc/spring-mvc.xsd
		http://www.springframework.org/schema/beans https://www.springframework.org/schema/beans/spring-beans.xsd
		http://www.springframework.org/schema/context https://www.springframework.org/schema/context/spring-context.xsd">

	<!-- DispatcherServlet Context: defines this servlet's request-processing infrastructure -->
	
	<!-- Enables the Spring MVC @Controller programming model -->
	<!-- @RequestBody +..RequestMapping, @GetMapping, @Autowired?또 뭐..?-->
	<annotation-driven />

	<!-- Handles HTTP GET requests for /resources/** by efficiently serving up static resources in the ${webappRoot}/resources directory -->
	<resources mapping="/resources/**" location="/resources/" />
	<resources mapping="/css/**" location="/css/" />
	<resources mapping="/js/**" location="/js/" />
	<resources mapping="/img/**" location="/img/" />
	<resources mapping="/scss/**" location="/scss/" />
	<resources mapping="/vendor/**" location="/vendor/" />

	<!-- Resolves views selected for rendering by @Controllers to .jsp resources in the /WEB-INF/views directory -->
	<beans:bean class="org.springframework.web.servlet.view.InternalResourceViewResolver">
		<beans:property name="prefix" value="/WEB-INF/views/" />
		<beans:property name="suffix" value=".jsp" />
		<beans:property name="order" value="3"></beans:property>
	</beans:bean>
	
	<beans:bean
		class="org.springframework.web.servlet.view.UrlBasedViewResolver"
 		p:viewClass="org.springframework.web.servlet.view.tiles3.TilesView" >
 		<!-- 뷰리절브 우선순위 -->
 		<beans:property name="order" value="2"></beans:property>
 	</beans:bean>
 	
	<beans:bean id="tilesConfigurer" class="org.springframework.web.servlet.view.tiles3.TilesConfigurer" >
		<beans:property name="definitions">
			<beans:value>/WEB-INF/tiles.xml</beans:value>
		</beans:property>
	</beans:bean>
	
	<!-- 뷰에대한 설정이라 컨트롤러만 스캔하면됨 굳이 인클루드 안넣어도 되지만 이가브에서는 이렇게 함-->
	<context:component-scan base-package="com.yedam.exam" >
		<context:include-filter type="annotation" expression="org.springframework.stereotype.Controller"/>
	</context:component-scan>
	
</beans:beans>
