<?xml version="1.0" encoding="UTF-8"?>
<!DOCTYPE tiles-definitions PUBLIC "-//Apache Software Foundation//DTD Tiles Configuration 
2.1//EN"
"http://tiles.apache.org/dtds/tiles-config_2_1.dtd">
<tiles-definitions>
	<definition name="mainTemplate" template="/WEB-INF/views/tiles/layout.jsp">
<!-- 	<put-attribute name="header" value="/WEB-INF/views/tiles/header.jsp" /> -->
	<put-attribute name="content" value="/WEB-INF/views/tiles/content.jsp" />
<!-- 	<put-attribute name="footer" value="/WEB-INF/views/tiles/footer.jsp" /> -->
</definition>
<!-- <definition name="*/*" extends="mainTemplate">
	<put-attribute name="content" value="/WEB-INF/views/{1}/{2}.jsp" /> </definition> -->
<!-- <definition name="*/*/*" extends="mainTemplate">
	<put-attribute name="content" value="/WEB-INF/views/{1}/{2}/{3}.jsp" />
</definition> -->
<definition name="home" extends="mainTemplate">
	<put-attribute name="content" value="/WEB-INF/views/home.jsp" />
</definition>
<definition name="user/*/*" extends="mainTemplate">
	<put-attribute name="content" value="/WEB-INF/views/{1}/{2}.jsp" />
</definition>
<definition name="*/*" extends="mainTemplate">
	<put-attribute name="content" value="/WEB-INF/views/{1}/{2}.jsp" />
</definition>
</tiles-definitions>