<?xml version="1.0" encoding="UTF-8"?>
<!DOCTYPE mapper PUBLIC "-//mybatis.org//DTD Mapper 3.0//EN" "http://mybatis.org/dtd/mybatis-3-mapper.dtd">
<mapper namespace="com.yedam.exam.book.mapper.BookMapper">
	
	<select id="getBooks" resultType="BookVO">
		SELECT * FROM BOOK_TBL_06
	</select>
	
	<insert id="insertBook">
		<selectKey keyProperty="bookNo" resultType="string" order="BEFORE">
			SELECT MAX(BOOK_NO)+1 FROM BOOK_TBL_06
		</selectKey>
		INSERT INTO BOOK_TBL_06 VALUES(
										#{bookNo},
										#{bookName},
										#{bookCoverimg},
										#{bookDate},
										#{bookPrice},
										#{bookPublisher},
										#{bookInfo}
									)
	</insert>
	
	<select id="getBook" resultType="BookVO">
		SELECT * FROM BOOK_TBL_06 where = BOOK_NO = #{bookNo}
	</select>
	<select id="getBookNum" resultType="int">
		SELECT MAX(BOOK_NO)+1 FROM BOOK_TBL_06
	</select>
</mapper>

